"","month","year","mean"
"1","07","1995",6857.63007159905
"2","07","1996",9972.15274463007
"3","07","1997",6035.36276849642
"4","07","1998",3501.56801909308
"5","07","1999",12412.5966587112
